{"cameraMode":{"drawMode":0,"name":"Shaded","section":"Shading Mode"},"sceneLighting":false,"audioPlay":false,"sceneViewState":{"showFog":true,"showMaterialUpdate":false,"showSkybox":false,"showFlares":true,"showImageEffects":true,"showParticleSystems":true},"in2DMode":false,"pivot":{"x":-0.013860225677490235,"y":-2.405648708343506,"z":-0.15627670288085938},"rotation":{"x":-0.17449137568473817,"y":0.38470232486724856,"z":-0.07431058585643769,"w":-0.903357207775116},"size":1.7823243141174317,"orthographic":false}