{"cameraMode":{"drawMode":0,"name":"Shaded","section":"Shading Mode"},"sceneLighting":true,"audioPlay":false,"sceneViewState":{"showFog":true,"showMaterialUpdate":false,"showSkybox":true,"showFlares":true,"showImageEffects":true,"showParticleSystems":true},"in2DMode":false,"pivot":{"x":363.405029296875,"y":13.993182182312012,"z":331.5761413574219},"rotation":{"x":0.07668985426425934,"y":0.03438807651400566,"z":-0.002636614954099059,"w":0.996472179889679},"size":8.249983787536621,"orthographic":false}