{"cameraMode":{"drawMode":2,"name":"Shaded Wireframe","section":"Shading Mode"},"sceneLighting":false,"audioPlay":false,"sceneViewState":{"showFog":true,"showMaterialUpdate":true,"showSkybox":false,"showFlares":true,"showImageEffects":true,"showParticleSystems":true},"in2DMode":false,"pivot":{"x":350.9739685058594,"y":0.15263046324253083,"z":306.9831848144531},"rotation":{"x":-0.2306242287158966,"y":0.037653688341379169,"z":-0.007906355895102024,"w":-0.9724909663200378},"size":7.54764986038208,"orthographic":false}