{"cameraMode":{"drawMode":0,"name":"Shaded","section":"Shading Mode"},"sceneLighting":false,"audioPlay":false,"sceneViewState":{"showFog":true,"showMaterialUpdate":true,"showSkybox":false,"showFlares":true,"showImageEffects":true,"showParticleSystems":true},"in2DMode":false,"pivot":{"x":359.35211181640627,"y":0.08763408660888672,"z":306.3692321777344},"rotation":{"x":0.1504460722208023,"y":-0.10673737525939942,"z":0.01591833122074604,"w":0.9830925464630127},"size":2.1873018741607668,"orthographic":false}