{"cameraMode":{"drawMode":0,"name":"Shaded","section":"Shading Mode"},"sceneLighting":false,"audioPlay":false,"sceneViewState":{"showFog":true,"showMaterialUpdate":true,"showSkybox":false,"showFlares":true,"showImageEffects":true,"showParticleSystems":true},"in2DMode":false,"pivot":{"x":-0.003092825412750244,"y":-0.6900317072868347,"z":-0.20741724967956544},"rotation":{"x":0.2588712275028229,"y":-0.08700347691774368,"z":0.0230360459536314,"w":0.962101399898529},"size":5.522145748138428,"orthographic":false}