{"cameraMode":{"drawMode":0,"name":"Shaded","section":"Shading Mode"},"sceneLighting":false,"audioPlay":false,"sceneViewState":{"showFog":true,"showMaterialUpdate":true,"showSkybox":false,"showFlares":true,"showImageEffects":true,"showParticleSystems":true},"in2DMode":false,"pivot":{"x":-1.9701318740844727,"y":0.3681512475013733,"z":-2.7452828884124758},"rotation":{"x":0.11154758930206299,"y":-0.7966812252998352,"z":0.15341295301914216,"w":0.5740878582000732},"size":3.8727595806121828,"orthographic":false}