{"cameraMode":{"drawMode":0,"name":"Shaded","section":"Shading Mode"},"sceneLighting":false,"audioPlay":false,"sceneViewState":{"showFog":true,"showMaterialUpdate":true,"showSkybox":false,"showFlares":true,"showImageEffects":true,"showParticleSystems":true},"in2DMode":false,"pivot":{"x":3.0910489559173586,"y":1.592395544052124,"z":5.665974140167236},"rotation":{"x":-0.0677921324968338,"y":0.022036779671907426,"z":-0.00039635191205888987,"w":-0.9978336095809937},"size":0.495658278465271,"orthographic":false}