{"cameraMode":{"drawMode":0,"name":"Shaded","section":"Shading Mode"},"sceneLighting":true,"audioPlay":false,"sceneViewState":{"showFog":true,"showMaterialUpdate":true,"showSkybox":true,"showFlares":true,"showImageEffects":true,"showParticleSystems":true},"in2DMode":false,"pivot":{"x":351.45806884765627,"y":1.2468187808990479,"z":307.1005554199219},"rotation":{"x":-0.028783122077584268,"y":-0.968079149723053,"z":0.15007884800434113,"w":-0.2014431655406952},"size":11.235722541809082,"orthographic":false}