{"cameraMode":{"drawMode":2,"name":"Shaded Wireframe","section":"Shading Mode"},"sceneLighting":false,"audioPlay":false,"sceneViewState":{"showFog":false,"showMaterialUpdate":false,"showSkybox":false,"showFlares":false,"showImageEffects":false,"showParticleSystems":false},"in2DMode":false,"pivot":{"x":0.5701560974121094,"y":13.174124717712403,"z":0.3204078674316406},"rotation":{"x":0.08694491535425186,"y":-0.9089176058769226,"z":0.3359505236148834,"w":0.23212029039859773},"size":27.726165771484376,"orthographic":false}