{"cameraMode":{"drawMode":0,"name":"Shaded","section":"Shading Mode"},"sceneLighting":false,"audioPlay":false,"sceneViewState":{"showFog":true,"showMaterialUpdate":true,"showSkybox":false,"showFlares":true,"showImageEffects":true,"showParticleSystems":true},"in2DMode":false,"pivot":{"x":-1.378196358680725,"y":-2.742831230163574,"z":0.11727048456668854},"rotation":{"x":-0.0414365790784359,"y":0.9268267154693604,"z":-0.10792770236730576,"w":-0.35863661766052248},"size":1.3590877056121827,"orthographic":false}