{"cameraMode":{"drawMode":0,"name":"Shaded","section":"Shading Mode"},"sceneLighting":false,"audioPlay":false,"sceneViewState":{"showFog":true,"showMaterialUpdate":true,"showSkybox":false,"showFlares":true,"showImageEffects":true,"showParticleSystems":true},"in2DMode":false,"pivot":{"x":351.6390075683594,"y":0.47351598739624026,"z":306.9535827636719},"rotation":{"x":0.07576582580804825,"y":0.8006364703178406,"z":-0.10440774261951447,"w":0.5857656598091126},"size":2.0109989643096926,"orthographic":false}